promo_id,promo_name,promo_type,discount_value,start_date,end_date,min_order_value,max_redemptions,promo_status,updated_at
PROMO001,NEWUSER_001,PERCENT,6,2026-09-18,2026-11-01,99.0,11598,SCHEDULED,2026-10-05 06:00:00
PROMO002,CITY_002,FREE_DELIVERY,0,2026-09-11,2026-10-18,0.0,11896,LIVE,2026-10-05 06:00:00
PROMO003,NEWUSER_003,FLAT,150,2026-09-03,2026-09-28,299.0,15875,LIVE,2026-10-05 06:00:00
PROMO004,FLASH_004,FLAT,100,2026-09-05,2026-10-15,149.0,8662,SCHEDULED,2026-10-05 06:00:00
PROMO005,NEWUSER_005,FREE_DELIVERY,0,2026-09-17,2026-10-14,299.0,2053,EXPIRED,2026-10-05 06:00:00
PROMO006,WEEKEND_006,PERCENT,24,2026-09-06,2026-09-14,99.0,6968,LIVE,2026-10-05 06:00:00
PROMO007,FEST_007,PERCENT,8,2026-09-19,2026-10-10,0.0,585,SCHEDULED,2026-10-05 06:00:00
PROMO008,WEEKEND_008,FLAT,200,2026-09-06,2026-09-17,149.0,12740,LIVE,2026-10-05 06:00:00
PROMO009,MEGA_009,FLAT,100,2026-09-09,2026-10-06,299.0,3005,LIVE,2026-10-05 06:00:00
PROMO010,SAVE_010,FLAT,100,2026-09-09,2026-10-13,99.0,17604,LIVE,2026-10-05 06:00:00
PROMO011,SAVE_011,FLAT,200,2026-09-14,2026-10-14,99.0,16393,EXPIRED,2026-10-05 06:00:00
PROMO012,FEST_012,FLAT,20,2026-09-13,2026-10-27,199.0,17945,LIVE,2026-10-05 06:00:00
PROMO013,CITY_013,FREE_DELIVERY,0,2026-09-10,2026-09-22,0.0,19738,LIVE,2026-10-05 06:00:00
PROMO014,FEST_014,PERCENT,20,2026-09-10,2026-09-24,149.0,13894,LIVE,2026-10-05 06:00:00
PROMO015,FLASH_015,PERCENT,29,2026-09-01,2026-10-10,0.0,848,LIVE,2026-10-05 06:00:00
PROMO016,NEWUSER_016,PERCENT,11,2026-09-16,2026-09-25,499.0,9828,LIVE,2026-10-05 06:00:00
PROMO017,FEST_017,FLAT,200,2026-09-03,2026-09-08,149.0,13505,LIVE,2026-10-05 06:00:00
PROMO018,WEEKEND_018,PERCENT,46,2026-09-13,2026-09-25,149.0,16796,LIVE,2026-10-05 06:00:00
PROMO019,NEWUSER_019,PERCENT,26,2026-09-05,2026-10-02,99.0,4273,LIVE,2026-10-05 06:00:00
PROMO020,FLASH_020,FLAT,20,2026-09-20,2026-09-27,0.0,8449,EXPIRED,2026-10-05 06:00:00
PROMO021,FLASH_021,FLAT,150,2026-09-01,2026-09-27,149.0,7243,LIVE,2026-10-05 06:00:00
PROMO022,NEWUSER_022,FREE_DELIVERY,0,2026-09-09,2026-10-03,0.0,8990,SCHEDULED,2026-10-05 06:00:00
PROMO023,CITY_023,FLAT,50,2026-09-07,2026-09-24,199.0,6730,LIVE,2026-10-05 06:00:00
PROMO024,MEGA_024,PERCENT,10,2026-09-05,2026-09-28,199.0,17910,LIVE,2026-10-05 06:00:00
PROMO025,SAVE_025,PERCENT,22,2026-09-02,2026-09-14,499.0,5591,PAUSED,2026-10-05 06:00:00
PROMO026,WEEKEND_026,PERCENT,35,2026-09-02,2026-09-18,499.0,7186,LIVE,2026-10-05 06:00:00
PROMO027,WEEKEND_027,PERCENT,37,2026-09-16,2026-10-22,99.0,7998,LIVE,2026-10-05 06:00:00
PROMO028,MEGA_028,FLAT,150,2026-09-11,2026-10-24,299.0,16671,LIVE,2026-10-05 06:00:00
PROMO029,MEGA_029,FLAT,100,2026-09-11,2026-09-28,149.0,19053,LIVE,2026-10-05 06:00:00
PROMO030,CITY_030,PERCENT,15,2026-09-09,2026-10-05,0.0,2143,LIVE,2026-10-05 06:00:00
PROMO031,FEST_031,FLAT,150,2026-09-14,2026-10-26,499.0,19903,LIVE,2026-10-05 06:00:00
PROMO032,SAVE_032,FLAT,50,2026-09-02,2026-10-09,199.0,7528,LIVE,2026-10-05 06:00:00
PROMO033,FEST_033,PERCENT,34,2026-09-12,2026-09-19,99.0,6813,LIVE,2026-10-05 06:00:00
PROMO034,WEEKEND_034,PERCENT,5,2026-09-06,2026-09-16,0.0,18462,SCHEDULED,2026-10-05 06:00:00
PROMO035,NEWUSER_035,PERCENT,8,2026-09-11,2026-09-18,499.0,10334,SCHEDULED,2026-10-05 06:00:00
PROMO036,WEEKEND_036,PERCENT,17,2026-09-04,2026-10-03,199.0,18856,LIVE,2026-10-05 06:00:00
PROMO037,FEST_037,FREE_DELIVERY,0,2026-09-04,2026-09-20,499.0,16286,LIVE,2026-10-05 06:00:00
PROMO038,FLASH_038,FLAT,50,2026-09-06,2026-10-17,149.0,4351,LIVE,2026-10-05 06:00:00
PROMO039,MEGA_039,FLAT,20,2026-09-04,2026-09-22,0.0,10930,LIVE,2026-10-05 06:00:00
PROMO040,CITY_040,PERCENT,44,2026-09-16,2026-10-05,299.0,9677,SCHEDULED,2026-10-05 06:00:00
PROMO041,MEGA_041,PERCENT,43,2026-09-06,2026-09-26,0.0,141,LIVE,2026-10-05 06:00:00
PROMO042,WEEKEND_042,FLAT,100,2026-09-14,2026-10-18,0.0,15270,LIVE,2026-10-05 06:00:00
PROMO043,FLASH_043,FLAT,200,2026-09-02,2026-09-13,499.0,1457,LIVE,2026-10-05 06:00:00
PROMO044,CITY_044,PERCENT,50,2026-09-12,2026-09-22,99.0,17509,EXPIRED,2026-10-05 06:00:00
PROMO045,CITY_045,PERCENT,25,2026-09-13,2026-10-21,299.0,5388,LIVE,2026-10-05 06:00:00
PROMO046,FLASH_046,PERCENT,29,2026-09-07,2026-10-10,199.0,2029,LIVE,2026-10-05 06:00:00
PROMO047,FLASH_047,FLAT,30,2026-09-01,2026-10-02,0.0,823,LIVE,2026-10-05 06:00:00
PROMO048,FEST_048,PERCENT,19,2026-09-18,2026-10-26,299.0,14718,EXPIRED,2026-10-05 06:00:00
PROMO049,WEEKEND_049,PERCENT,30,2026-09-17,2026-10-17,0.0,16757,LIVE,2026-10-05 06:00:00
PROMO050,CITY_050,PERCENT,27,2026-09-08,2026-10-21,0.0,16062,EXPIRED,2026-10-05 06:00:00
PROMO051,WEEKEND_051,FLAT,75,2026-09-05,2026-09-14,299.0,3013,LIVE,2026-10-05 06:00:00
PROMO052,FLASH_052,FLAT,100,2026-09-07,2026-09-16,149.0,10754,LIVE,2026-10-05 06:00:00
PROMO053,FEST_053,FLAT,30,2026-09-12,2026-10-13,99.0,12684,LIVE,2026-10-05 06:00:00
PROMO054,FEST_054,FLAT,50,2026-09-08,2026-10-10,99.0,6466,SCHEDULED,2026-10-05 06:00:00
PROMO055,CITY_055,PERCENT,44,2026-09-20,2026-10-25,99.0,13694,LIVE,2026-10-05 06:00:00
PROMO056,NEWUSER_056,FREE_DELIVERY,0,2026-09-16,2026-10-23,99.0,3840,LIVE,2026-10-05 06:00:00
PROMO057,FLASH_057,FREE_DELIVERY,0,2026-09-07,2026-10-09,99.0,1848,SCHEDULED,2026-10-05 06:00:00
PROMO058,CITY_058,FLAT,20,2026-09-04,2026-09-12,299.0,9379,LIVE,2026-10-05 06:00:00
PROMO059,FLASH_059,PERCENT,9,2026-09-09,2026-09-21,299.0,4525,SCHEDULED,2026-10-05 06:00:00
PROMO060,WEEKEND_060,PERCENT,26,2026-09-12,2026-09-18,199.0,15216,LIVE,2026-10-05 06:00:00
PROMO061,SAVE_061,FREE_DELIVERY,0,2026-09-05,2026-10-02,299.0,13165,LIVE,2026-10-05 06:00:00
PROMO062,SAVE_062,PERCENT,44,2026-09-08,2026-10-03,499.0,14405,LIVE,2026-10-05 06:00:00
PROMO063,FEST_063,PERCENT,41,2026-09-15,2026-09-29,299.0,13648,LIVE,2026-10-05 06:00:00
PROMO064,MEGA_064,FLAT,30,2026-09-07,2026-10-12,99.0,7836,LIVE,2026-10-05 06:00:00
PROMO065,WEEKEND_065,FLAT,150,2026-09-09,2026-10-01,499.0,2612,PAUSED,2026-10-05 06:00:00
PROMO066,SAVE_066,FLAT,50,2026-09-17,2026-10-14,499.0,15601,SCHEDULED,2026-10-05 06:00:00
PROMO067,MEGA_067,FREE_DELIVERY,0,2026-09-13,2026-10-12,199.0,17947,SCHEDULED,2026-10-05 06:00:00
PROMO068,SAVE_068,FREE_DELIVERY,0,2026-09-19,2026-10-14,0.0,14808,LIVE,2026-10-05 06:00:00
PROMO069,NEWUSER_069,FLAT,75,2026-09-16,2026-10-11,0.0,4417,EXPIRED,2026-10-05 06:00:00
PROMO070,SAVE_070,PERCENT,23,2026-09-18,2026-09-23,299.0,1960,LIVE,2026-10-05 06:00:00
PROMO071,NEWUSER_071,PERCENT,27,2026-09-14,2026-10-05,499.0,10356,LIVE,2026-10-05 06:00:00
PROMO072,NEWUSER_072,PERCENT,21,2026-09-09,2026-10-13,149.0,3172,LIVE,2026-10-05 06:00:00
PROMO073,WEEKEND_073,FLAT,20,2026-09-05,2026-09-23,149.0,372,LIVE,2026-10-05 06:00:00
PROMO074,WEEKEND_074,FREE_DELIVERY,0,2026-09-02,2026-10-10,99.0,7159,LIVE,2026-10-05 06:00:00
PROMO075,MEGA_075,FREE_DELIVERY,0,2026-09-03,2026-10-08,299.0,13338,EXPIRED,2026-10-05 06:00:00
PROMO076,SAVE_076,FREE_DELIVERY,0,2026-09-18,2026-10-11,0.0,5746,SCHEDULED,2026-10-05 06:00:00
PROMO077,SAVE_077,FREE_DELIVERY,0,2026-09-16,2026-10-04,149.0,17418,LIVE,2026-10-05 06:00:00
PROMO078,NEWUSER_078,FLAT,150,2026-09-12,2026-10-25,299.0,15094,EXPIRED,2026-10-05 06:00:00
PROMO079,FEST_079,FREE_DELIVERY,0,2026-09-08,2026-10-12,99.0,9416,LIVE,2026-10-05 06:00:00
PROMO080,NEWUSER_080,FREE_DELIVERY,0,2026-09-03,2026-10-07,199.0,1598,SCHEDULED,2026-10-05 06:00:00
PROMO081,WEEKEND_081,FLAT,20,2026-09-07,2026-10-05,499.0,4669,PAUSED,2026-10-05 06:00:00
PROMO082,MEGA_082,FREE_DELIVERY,0,2026-09-16,2026-10-21,99.0,19383,EXPIRED,2026-10-05 06:00:00
PROMO083,FEST_083,FREE_DELIVERY,0,2026-09-02,2026-10-10,299.0,585,LIVE,2026-10-05 06:00:00
PROMO084,NEWUSER_084,FLAT,20,2026-09-09,2026-10-22,299.0,8771,PAUSED,2026-10-05 06:00:00
PROMO085,NEWUSER_085,FLAT,75,2026-09-06,2026-10-11,499.0,5102,LIVE,2026-10-05 06:00:00
PROMO086,NEWUSER_086,PERCENT,8,2026-09-01,2026-09-26,499.0,15064,LIVE,2026-10-05 06:00:00
PROMO087,NEWUSER_087,FLAT,100,2026-09-15,2026-10-27,0.0,8240,LIVE,2026-10-05 06:00:00
PROMO088,NEWUSER_088,PERCENT,14,2026-09-14,2026-09-29,149.0,9712,LIVE,2026-10-05 06:00:00
PROMO089,SAVE_089,FLAT,30,2026-09-04,2026-09-13,499.0,291,LIVE,2026-10-05 06:00:00
PROMO090,WEEKEND_090,PERCENT,11,2026-09-20,2026-10-04,499.0,2140,LIVE,2026-10-05 06:00:00
PROMO091,NEWUSER_091,FLAT,20,2026-09-03,2026-09-21,299.0,3785,SCHEDULED,2026-10-05 06:00:00
PROMO092,MEGA_092,PERCENT,37,2026-09-07,2026-09-21,299.0,5291,LIVE,2026-10-05 06:00:00
PROMO093,CITY_093,FLAT,20,2026-09-10,2026-09-24,499.0,7234,LIVE,2026-10-05 06:00:00
PROMO094,CITY_094,PERCENT,33,2026-09-12,2026-10-08,299.0,7035,LIVE,2026-10-05 06:00:00
PROMO095,WEEKEND_095,FREE_DELIVERY,0,2026-09-17,2026-10-28,149.0,7192,LIVE,2026-10-05 06:00:00
PROMO096,SAVE_096,PERCENT,35,2026-09-08,2026-10-20,0.0,13323,LIVE,2026-10-05 06:00:00
PROMO097,SAVE_097,PERCENT,13,2026-09-16,2026-10-26,499.0,3605,LIVE,2026-10-05 06:00:00
PROMO098,FLASH_098,PERCENT,26,2026-09-16,2026-10-09,499.0,12958,LIVE,2026-10-05 06:00:00
PROMO099,FLASH_099,PERCENT,38,2026-09-19,2026-10-12,499.0,15961,LIVE,2026-10-05 06:00:00
PROMO100,NEWUSER_100,PERCENT,22,2026-09-13,2026-09-18,499.0,15862,SCHEDULED,2026-10-05 06:00:00
