store_id,store_name,city,zone,store_type,manager_name,manager_phone,operational_status,opened_on,updated_at
STORE001,UrbanBasket Hyderabad Plus,Hyderabad,University Zone,DARKSTORE,Sai Trivedi,9442834346,ACTIVE,2025-09-06 00:00:00,2026-10-05 06:00:00
STORE002,UrbanBasket Delhi Hub,Delhi,Central,DARKSTORE,Vikram Dubey,9864996942,ACTIVE,2024-05-29 00:00:00,2026-10-05 06:00:00
STORE003,UrbanBasket Ahmedabad Hub,Ahmedabad,Central,DARKSTORE,Deepika Tanna,9618990567,ACTIVE,2023-08-25 00:00:00,2026-10-05 06:00:00
STORE004,UrbanBasket Hyderabad Plus,Hyderabad,North,DARKSTORE,Anika Chandra,9981914452,ACTIVE,2026-07-26 00:00:00,2026-10-05 06:00:00
STORE005,UrbanBasket Delhi Central,Delhi,North,DARKSTORE,Tara Sharma,9705306833,ACTIVE,2023-12-14 00:00:00,2026-10-05 06:00:00
STORE006,UrbanBasket Chennai Express,Chennai,Airport Zone,DARKSTORE,Uma Kumar,9525699262,ACTIVE,2024-09-18 00:00:00,2026-10-05 06:00:00
STORE007,UrbanBasket Chennai Express,Chennai,Mall Zone,DARKSTORE,Uma Bose,9193786028,ACTIVE,2026-02-01 00:00:00,2026-10-05 06:00:00
STORE008,UrbanBasket Lucknow Express,Lucknow,West,DARKSTORE,Nikhil Verma,9087054594,ACTIVE,2024-09-21 00:00:00,2026-10-05 06:00:00
STORE009,UrbanBasket Hyderabad Plus,Hyderabad,Central,DARKSTORE,Isha Pawar,9544322381,ACTIVE,2026-06-25 00:00:00,2026-10-05 06:00:00
STORE010,UrbanBasket Chennai Hub,Chennai,Central,HUB,Rohan Joshi,9800455268,ACTIVE,2023-12-30 00:00:00,2026-10-05 06:00:00
STORE011,UrbanBasket Delhi Plus,Delhi,South,DARKSTORE,Kiran Iyer,9975747939,ACTIVE,2023-11-17 00:00:00,2026-10-05 06:00:00
STORE012,UrbanBasket Lucknow Plus,Lucknow,North,DARKSTORE,Deepika Sharma,9791483508,ACTIVE,2023-10-13 00:00:00,2026-10-05 06:00:00
STORE013,UrbanBasket Indore One,Indore,West,DARKSTORE,Ritu Agarwal,9043251248,ACTIVE,2023-05-29 00:00:00,2026-10-05 06:00:00
STORE014,UrbanBasket Delhi Hub,Delhi,IT Corridor,DARKSTORE,Arun Das,9197146705,ACTIVE,2026-01-12 00:00:00,2026-10-05 06:00:00
STORE015,UrbanBasket Lucknow One,Lucknow,Airport Zone,DARKSTORE,Arun Singh,9010498500,ACTIVE,2024-02-10 00:00:00,2026-10-05 06:00:00
STORE016,UrbanBasket Hyderabad Point,Hyderabad,Mall Zone,DARKSTORE,Tara Desai,9182046504,ACTIVE,2025-09-04 00:00:00,2026-10-05 06:00:00
STORE017,UrbanBasket Ahmedabad Hub,Ahmedabad,East,DARKSTORE,Nandini Gandhi,9452464449,ACTIVE,2024-03-31 00:00:00,2026-10-05 06:00:00
STORE018,UrbanBasket Kolkata Hub,Kolkata,Mall Zone,DARKSTORE,Varun Banerjee,9920480230,PAUSED,2025-03-10 00:00:00,2026-10-05 06:00:00
STORE019,UrbanBasket Indore Hub,Indore,University Zone,DARKSTORE,Ananya Bhatt,9071769915,ACTIVE,2026-03-30 00:00:00,2026-10-05 06:00:00
STORE020,UrbanBasket Jaipur Express,Jaipur,Central,DARKSTORE,Nikhil Iyer,9521054806,ACTIVE,2025-10-09 00:00:00,2026-10-05 06:00:00
STORE021,UrbanBasket Ahmedabad Express,Ahmedabad,Airport Zone,DARKSTORE,Karthik Tanna,9441265151,ACTIVE,2025-02-22 00:00:00,2026-10-05 06:00:00
STORE022,UrbanBasket Pune One,Pune,University Zone,DARKSTORE,Ravi Sharma,9112138507,ACTIVE,2024-04-04 00:00:00,2026-10-05 06:00:00
STORE023,UrbanBasket Delhi One,Delhi,West,DARKSTORE,Varun Kulkarni,9692043970,ACTIVE,2025-01-07 00:00:00,2026-10-05 06:00:00
STORE024,UrbanBasket Pune Hub,Pune,East,DARKSTORE,Lakshmi Patel,9903741541,ACTIVE,2024-05-23 00:00:00,2026-10-05 06:00:00
STORE025,UrbanBasket Ahmedabad One,Ahmedabad,North,DARKSTORE,Rohan Bhatt,9286657373,ACTIVE,2024-04-25 00:00:00,2026-10-05 06:00:00
STORE026,UrbanBasket Lucknow Express,Lucknow,Airport Zone,DARKSTORE,Yash Desai,9782219224,ACTIVE,2023-04-24 00:00:00,2026-10-05 06:00:00
STORE027,UrbanBasket Jaipur Plus,Jaipur,Airport Zone,DARKSTORE,Kavya Mehta,9419545048,ACTIVE,2025-01-18 00:00:00,2026-10-05 06:00:00
STORE028,UrbanBasket Indore Plus,Indore,Central,DARKSTORE,Kavya Mishra,9910989885,ACTIVE,2023-12-27 00:00:00,2026-10-05 06:00:00
STORE029,UrbanBasket Indore Plus,Indore,Old City,DARKSTORE,Alok Khan,9709307023,ACTIVE,2023-12-07 00:00:00,2026-10-05 06:00:00
STORE030,UrbanBasket Indore One,Indore,Airport Zone,DARKSTORE,Reyansh Parikh,9759671972,ACTIVE,2025-02-08 00:00:00,2026-10-05 06:00:00
STORE031,UrbanBasket Jaipur Point,Jaipur,South,DARKSTORE,Dev Shah,9626195228,ACTIVE,2025-01-30 00:00:00,2026-10-05 06:00:00
STORE032,UrbanBasket Mumbai Express,Mumbai,East,DARKSTORE,Nikhil Bose,9649680659,ACTIVE,2025-08-26 00:00:00,2026-10-05 06:00:00
STORE033,UrbanBasket Jaipur Point,Jaipur,East,DARKSTORE,Isha Reddy,9803839281,ACTIVE,2024-03-24 00:00:00,2026-10-05 06:00:00
STORE034,UrbanBasket Kolkata One,Kolkata,South,DARKSTORE,Kabir Modi,9351770298,ACTIVE,2025-04-14 00:00:00,2026-10-05 06:00:00
STORE035,UrbanBasket Jaipur Central,Jaipur,IT Corridor,DARKSTORE,Alok Chandra,9453917548,ACTIVE,2026-04-18 00:00:00,2026-10-05 06:00:00
STORE036,UrbanBasket Ahmedabad Hub,Ahmedabad,South,DARKSTORE,Aadhya Agarwal,9045455637,PAUSED,2026-05-04 00:00:00,2026-10-05 06:00:00
STORE037,UrbanBasket Mumbai Express,Mumbai,South,DARKSTORE,Meena Dubey,9686227437,ACTIVE,2023-11-07 00:00:00,2026-10-05 06:00:00
STORE038,UrbanBasket Indore Plus,Indore,East,DARKSTORE,Kiran Mukherjee,9513355075,ACTIVE,2023-09-19 00:00:00,2026-10-05 06:00:00
STORE039,UrbanBasket Ahmedabad Point,Ahmedabad,Mall Zone,DARKSTORE,Seema Bose,9281792459,ACTIVE,2024-02-10 00:00:00,2026-10-05 06:00:00
STORE040,UrbanBasket Ahmedabad Central,Ahmedabad,East,DARKSTORE,Nikhil Banerjee,9532303009,ACTIVE,2023-05-23 00:00:00,2026-10-05 06:00:00
STORE041,UrbanBasket Surat Central,Surat,Old City,DARKSTORE,Zoya Desai,9543205179,ACTIVE,2023-12-08 00:00:00,2026-10-05 06:00:00
STORE042,UrbanBasket Bengaluru Express,Bengaluru,Central,HUB,Neha Bhatt,9469171304,ACTIVE,2026-09-01 00:00:00,2026-10-05 06:00:00
STORE043,UrbanBasket Mumbai Express,Mumbai,University Zone,DARKSTORE,Manish Tanna,9808756204,ACTIVE,2026-01-29 00:00:00,2026-10-05 06:00:00
STORE044,UrbanBasket Ahmedabad Central,Ahmedabad,Mall Zone,DARKSTORE,Manish Kumar,9147812207,ACTIVE,2023-09-01 00:00:00,2026-10-05 06:00:00
STORE045,UrbanBasket Bengaluru Hub,Bengaluru,North,DARKSTORE,Kavya Chopra,9578424442,ACTIVE,2024-05-04 00:00:00,2026-10-05 06:00:00
STORE046,UrbanBasket Bengaluru Hub,Bengaluru,University Zone,DARKSTORE,Sai Pawar,9938981776,PAUSED,2023-01-12 00:00:00,2026-10-05 06:00:00
STORE047,UrbanBasket Mumbai Point,Mumbai,Central,DARKSTORE,Vivaan Pandey,9725060800,ACTIVE,2026-06-16 00:00:00,2026-10-05 06:00:00
STORE048,UrbanBasket Surat Hub,Surat,Old City,DARKSTORE,Divya Chopra,9614772625,ACTIVE,2024-07-14 00:00:00,2026-10-05 06:00:00
STORE049,UrbanBasket Pune Central,Pune,Old City,DARKSTORE,Shalini Chopra,9526279303,ACTIVE,2023-02-11 00:00:00,2026-10-05 06:00:00
STORE050,UrbanBasket Lucknow Central,Lucknow,North,HUB,Aarav Shah,9635804603,ACTIVE,2024-11-08 00:00:00,2026-10-05 06:00:00
STORE051,UrbanBasket Kolkata One,Kolkata,Mall Zone,DARKSTORE,Zoya Mehta,9519490553,ACTIVE,2024-08-16 00:00:00,2026-10-05 06:00:00
STORE052,UrbanBasket Lucknow Central,Lucknow,IT Corridor,DARKSTORE,Priya Shah,9737743122,CLOSED,2026-03-27 00:00:00,2026-10-05 06:00:00
STORE053,UrbanBasket Jaipur Hub,Jaipur,South,DARKSTORE,Komal Gupta,9339439755,ACTIVE,2026-05-24 00:00:00,2026-10-05 06:00:00
STORE054,UrbanBasket Indore Plus,Indore,Mall Zone,DARKSTORE,Tara Pawar,9769971807,ACTIVE,2023-05-14 00:00:00,2026-10-05 06:00:00
STORE055,UrbanBasket Kolkata Point,Kolkata,IT Corridor,DARKSTORE,Sai Gandhi,9334747909,ACTIVE,2025-12-26 00:00:00,2026-10-05 06:00:00
STORE056,UrbanBasket Jaipur One,Jaipur,Old City,DARKSTORE,Kavya Verma,9852785604,ACTIVE,2025-10-27 00:00:00,2026-10-05 06:00:00
STORE057,UrbanBasket Ahmedabad Hub,Ahmedabad,East,DARKSTORE,Sanjay Parikh,9493568056,ACTIVE,2025-08-05 00:00:00,2026-10-05 06:00:00
STORE058,UrbanBasket Indore Point,Indore,Central,DARKSTORE,Ishita Bose,9274848938,ACTIVE,2023-03-14 00:00:00,2026-10-05 06:00:00
STORE059,UrbanBasket Delhi Hub,Delhi,North,DARKSTORE,Kabir Mishra,9498238951,ACTIVE,2024-02-03 00:00:00,2026-10-05 06:00:00
STORE060,UrbanBasket Mumbai One,Mumbai,Central,DARKSTORE,Nitin Modi,9611025786,ACTIVE,2024-07-31 00:00:00,2026-10-05 06:00:00
STORE061,UrbanBasket Kolkata Central,Kolkata,West,HUB,Kavya Modi,9354700591,ACTIVE,2025-05-08 00:00:00,2026-10-05 06:00:00
STORE062,UrbanBasket Kolkata Plus,Kolkata,West,DARKSTORE,Pallavi Yadav,9406038035,ACTIVE,2023-05-10 00:00:00,2026-10-05 06:00:00
STORE063,UrbanBasket Ahmedabad One,Ahmedabad,Mall Zone,DARKSTORE,Sara Singh,9570606272,ACTIVE,2025-07-19 00:00:00,2026-10-05 06:00:00
STORE064,UrbanBasket Pune Central,Pune,Old City,DARKSTORE,Krishna Chauhan,9072102115,ACTIVE,2026-05-14 00:00:00,2026-10-05 06:00:00
STORE065,UrbanBasket Bengaluru One,Bengaluru,Old City,DARKSTORE,Sneha Chauhan,9015230766,ACTIVE,2023-09-23 00:00:00,2026-10-05 06:00:00
STORE066,UrbanBasket Indore Express,Indore,South,DARKSTORE,Raj Solanki,9299210661,ACTIVE,2025-03-03 00:00:00,2026-10-05 06:00:00
STORE067,UrbanBasket Ahmedabad Plus,Ahmedabad,South,DARKSTORE,Tara Mehta,9670862767,ACTIVE,2023-09-10 00:00:00,2026-10-05 06:00:00
STORE068,UrbanBasket Chennai Hub,Chennai,South,DARKSTORE,Uma Singh,9584220712,ACTIVE,2025-04-01 00:00:00,2026-10-05 06:00:00
STORE069,UrbanBasket Surat Hub,Surat,East,DARKSTORE,Arjun Saxena,9773345461,ACTIVE,2026-08-05 00:00:00,2026-10-05 06:00:00
STORE070,UrbanBasket Bengaluru Plus,Bengaluru,University Zone,DARKSTORE,Imran Pawar,9696064223,ACTIVE,2023-06-13 00:00:00,2026-10-05 06:00:00
STORE071,UrbanBasket Mumbai Express,Mumbai,Airport Zone,DARKSTORE,Pallavi Singh,9110439126,ACTIVE,2023-04-05 00:00:00,2026-10-05 06:00:00
STORE072,UrbanBasket Bengaluru Central,Bengaluru,University Zone,DARKSTORE,Kavya Banerjee,9634458142,ACTIVE,2025-04-12 00:00:00,2026-10-05 06:00:00
STORE073,UrbanBasket Pune Hub,Pune,Central,DARKSTORE,Sara Bose,9395709760,ACTIVE,2026-02-07 00:00:00,2026-10-05 06:00:00
STORE074,UrbanBasket Bengaluru Express,Bengaluru,University Zone,DARKSTORE,Manish Reddy,9120871868,ACTIVE,2023-12-02 00:00:00,2026-10-05 06:00:00
STORE075,UrbanBasket Mumbai Hub,Mumbai,East,DARKSTORE,Kiran Das,9553991645,ACTIVE,2025-04-01 00:00:00,2026-10-05 06:00:00
STORE076,UrbanBasket Pune Point,Pune,Central,DARKSTORE,Navya Solanki,9149385104,ACTIVE,2023-08-26 00:00:00,2026-10-05 06:00:00
STORE077,UrbanBasket Lucknow Central,Lucknow,University Zone,DARKSTORE,Kavya Shah,9859649548,ACTIVE,2024-01-16 00:00:00,2026-10-05 06:00:00
STORE078,UrbanBasket Kolkata Point,Kolkata,East,DARKSTORE,Manish Chandra,9571846909,ACTIVE,2025-06-17 00:00:00,2026-10-05 06:00:00
STORE079,UrbanBasket Kolkata Plus,Kolkata,Airport Zone,DARKSTORE,Krishna Mehta,9491502432,ACTIVE,2024-04-27 00:00:00,2026-10-05 06:00:00
STORE080,UrbanBasket Surat Central,Surat,University Zone,DARKSTORE,Rekha Bose,9947306725,ACTIVE,2025-06-20 00:00:00,2026-10-05 06:00:00
STORE081,UrbanBasket Jaipur Express,Jaipur,East,DARKSTORE,Nandini Sharma,9167554709,ACTIVE,2025-11-14 00:00:00,2026-10-05 06:00:00
STORE082,UrbanBasket Lucknow Central,Lucknow,South,DARKSTORE,Reyansh Malhotra,9332230189,ACTIVE,2026-02-14 00:00:00,2026-10-05 06:00:00
STORE083,UrbanBasket Lucknow Central,Lucknow,Old City,DARKSTORE,Aadhya Yadav,9148870087,ACTIVE,2024-04-26 00:00:00,2026-10-05 06:00:00
STORE084,UrbanBasket Indore Express,Indore,South,DARKSTORE,Lakshmi Modi,9986221425,ACTIVE,2025-07-05 00:00:00,2026-10-05 06:00:00
STORE085,UrbanBasket Bengaluru Plus,Bengaluru,Old City,DARKSTORE,Ishita Saxena,9124009860,ACTIVE,2025-09-20 00:00:00,2026-10-05 06:00:00
STORE086,UrbanBasket Kolkata Central,Kolkata,North,DARKSTORE,Komal Mehta,9727406455,ACTIVE,2025-08-21 00:00:00,2026-10-05 06:00:00
STORE087,UrbanBasket Mumbai Plus,Mumbai,North,DARKSTORE,Aadhya Trivedi,9781898996,ACTIVE,2024-06-20 00:00:00,2026-10-05 06:00:00
STORE088,UrbanBasket Hyderabad Plus,Hyderabad,North,DARKSTORE,Aarav Trivedi,9069459646,ACTIVE,2026-01-07 00:00:00,2026-10-05 06:00:00
STORE089,UrbanBasket Hyderabad Plus,Hyderabad,Airport Zone,DARKSTORE,Anika Solanki,9827161362,ACTIVE,2026-04-11 00:00:00,2026-10-05 06:00:00
STORE090,UrbanBasket Pune Hub,Pune,South,DARKSTORE,Aarohi Chauhan,9196072124,ACTIVE,2025-11-01 00:00:00,2026-10-05 06:00:00
STORE091,UrbanBasket Kolkata One,Kolkata,Old City,DARKSTORE,Farhan Chandra,9796667035,ACTIVE,2023-05-08 00:00:00,2026-10-05 06:00:00
STORE092,UrbanBasket Kolkata Plus,Kolkata,East,DARKSTORE,Sanjay Parikh,9810916291,ACTIVE,2023-04-02 00:00:00,2026-10-05 06:00:00
STORE093,UrbanBasket Surat Express,Surat,Central,DARKSTORE,Ananya Banerjee,9612630487,ACTIVE,2024-06-26 00:00:00,2026-10-05 06:00:00
STORE094,UrbanBasket Hyderabad One,Hyderabad,East,DARKSTORE,Aarohi Mukherjee,9898634002,ACTIVE,2025-04-25 00:00:00,2026-10-05 06:00:00
STORE095,UrbanBasket Kolkata Plus,Kolkata,Central,HUB,Ritu Mehta,9713148048,ACTIVE,2025-09-15 00:00:00,2026-10-05 06:00:00
STORE096,UrbanBasket Surat Express,Surat,West,DARKSTORE,Shalini Bose,9087394456,ACTIVE,2024-03-22 00:00:00,2026-10-05 06:00:00
STORE097,UrbanBasket Bengaluru Express,Bengaluru,East,DARKSTORE,Arjun Kulkarni,9771863373,ACTIVE,2024-01-25 00:00:00,2026-10-05 06:00:00
STORE098,UrbanBasket Chennai Point,Chennai,University Zone,DARKSTORE,Arjun Mehta,9542918980,ACTIVE,2024-11-02 00:00:00,2026-10-05 06:00:00
STORE099,UrbanBasket Indore Point,Indore,University Zone,DARKSTORE,Shalini Modi,9927544560,ACTIVE,2023-02-12 00:00:00,2026-10-05 06:00:00
STORE100,UrbanBasket Delhi Central,Delhi,Mall Zone,DARKSTORE,Arun Tanna,9823909211,ACTIVE,2023-09-11 00:00:00,2026-10-05 06:00:00
STORE101,UrbanBasket Lucknow Plus,Lucknow,South,HUB,Aadhya Mehta,9072257883,ACTIVE,2026-02-27 00:00:00,2026-10-05 06:00:00
STORE102,UrbanBasket Jaipur Plus,Jaipur,Central,DARKSTORE,Ritu Gandhi,9418728281,ACTIVE,2025-12-19 00:00:00,2026-10-05 06:00:00
STORE103,UrbanBasket Pune One,Pune,Central,HUB,Reyansh Das,9987841757,ACTIVE,2024-10-24 00:00:00,2026-10-05 06:00:00
STORE104,UrbanBasket Chennai Express,Chennai,South,HUB,Sai Dubey,9491544017,ACTIVE,2024-04-11 00:00:00,2026-10-05 06:00:00
STORE105,UrbanBasket Indore Plus,Indore,Airport Zone,DARKSTORE,Sai Malhotra,9292771705,ACTIVE,2023-10-14 00:00:00,2026-10-05 06:00:00
STORE106,UrbanBasket Indore Central,Indore,Mall Zone,DARKSTORE,Neha Kumar,9727088493,ACTIVE,2025-10-07 00:00:00,2026-10-05 06:00:00
STORE107,UrbanBasket Indore Hub,Indore,Airport Zone,DARKSTORE,Alok Mishra,9564982699,ACTIVE,2025-02-16 00:00:00,2026-10-05 06:00:00
STORE108,UrbanBasket Indore Express,Indore,Airport Zone,DARKSTORE,Kavya Pandey,9461316108,ACTIVE,2023-12-11 00:00:00,2026-10-05 06:00:00
STORE109,UrbanBasket Hyderabad Hub,Hyderabad,Airport Zone,DARKSTORE,Varun Gupta,9071725269,ACTIVE,2024-10-03 00:00:00,2026-10-05 06:00:00
STORE110,UrbanBasket Surat Central,Surat,South,DARKSTORE,Tanvi Khan,9814533313,ACTIVE,2024-01-17 00:00:00,2026-10-05 06:00:00
STORE111,UrbanBasket Lucknow Point,Lucknow,Airport Zone,DARKSTORE,Raj Pandey,9050950597,ACTIVE,2024-11-20 00:00:00,2026-10-05 06:00:00
STORE112,UrbanBasket Kolkata Central,Kolkata,University Zone,DARKSTORE,Nitin Tanna,9113236052,ACTIVE,2026-06-30 00:00:00,2026-10-05 06:00:00
STORE113,UrbanBasket Indore Hub,Indore,North,DARKSTORE,Rahul Agarwal,9969113028,ACTIVE,2025-12-15 00:00:00,2026-10-05 06:00:00
STORE114,UrbanBasket Jaipur Express,Jaipur,West,DARKSTORE,Ishita Kulkarni,9663135207,ACTIVE,2024-04-01 00:00:00,2026-10-05 06:00:00
STORE115,UrbanBasket Kolkata One,Kolkata,Central,DARKSTORE,Kavya Agarwal,9443528420,ACTIVE,2025-09-09 00:00:00,2026-10-05 06:00:00
STORE116,UrbanBasket Mumbai Plus,Mumbai,Central,DARKSTORE,Neha Reddy,9951208717,ACTIVE,2023-03-24 00:00:00,2026-10-05 06:00:00
STORE117,UrbanBasket Mumbai Central,Mumbai,West,DARKSTORE,Sanjay Desai,9804713624,ACTIVE,2026-01-27 00:00:00,2026-10-05 06:00:00
STORE118,UrbanBasket Jaipur Express,Jaipur,South,DARKSTORE,Deepika Kulkarni,9792386033,ACTIVE,2023-05-29 00:00:00,2026-10-05 06:00:00
STORE119,UrbanBasket Surat Plus,Surat,East,DARKSTORE,Seema Shah,9858554417,ACTIVE,2026-09-14 00:00:00,2026-10-05 06:00:00
STORE120,UrbanBasket Jaipur Point,Jaipur,South,DARKSTORE,Aarav Solanki,9707411580,ACTIVE,2026-03-25 00:00:00,2026-10-05 06:00:00
STORE121,UrbanBasket Hyderabad Point,Hyderabad,Central,DARKSTORE,Tanvi Mishra,9587527808,ACTIVE,2023-07-09 00:00:00,2026-10-05 06:00:00
STORE122,UrbanBasket Jaipur Plus,Jaipur,Central,DARKSTORE,Krishna Shah,9553097101,ACTIVE,2025-06-01 00:00:00,2026-10-05 06:00:00
STORE123,UrbanBasket Bengaluru Point,Bengaluru,West,DARKSTORE,Karthik Mukherjee,9008039561,ACTIVE,2023-09-20 00:00:00,2026-10-05 06:00:00
STORE124,UrbanBasket Kolkata Express,Kolkata,Airport Zone,DARKSTORE,Arun Agarwal,9569911960,ACTIVE,2026-01-08 00:00:00,2026-10-05 06:00:00
STORE125,UrbanBasket Chennai Central,Chennai,South,DARKSTORE,Kabir Jadhav,9725858681,ACTIVE,2024-02-04 00:00:00,2026-10-05 06:00:00
STORE126,UrbanBasket Ahmedabad Express,Ahmedabad,Old City,DARKSTORE,Yash Shah,9771363359,ACTIVE,2025-02-02 00:00:00,2026-10-05 06:00:00
STORE127,UrbanBasket Surat Express,Surat,West,HUB,Yash Malhotra,9592891568,ACTIVE,2024-08-31 00:00:00,2026-10-05 06:00:00
STORE128,UrbanBasket Jaipur Plus,Jaipur,University Zone,DARKSTORE,Pooja Joshi,9292637646,ACTIVE,2026-07-07 00:00:00,2026-10-05 06:00:00
STORE129,UrbanBasket Pune One,Pune,Central,DARKSTORE,Aadhya Rathore,9215125478,ACTIVE,2025-02-23 00:00:00,2026-10-05 06:00:00
STORE130,UrbanBasket Mumbai One,Mumbai,West,DARKSTORE,Nandini Bose,9292250604,ACTIVE,2023-04-11 00:00:00,2026-10-05 06:00:00
STORE131,UrbanBasket Bengaluru Central,Bengaluru,South,DARKSTORE,Zoya Desai,9973433710,ACTIVE,2025-03-30 00:00:00,2026-10-05 06:00:00
STORE132,UrbanBasket Lucknow Plus,Lucknow,Central,HUB,Tanvi Tanna,9283941311,ACTIVE,2026-05-29 00:00:00,2026-10-05 06:00:00
STORE133,UrbanBasket Indore One,Indore,East,DARKSTORE,Aarav Chandra,9356922952,ACTIVE,2025-03-30 00:00:00,2026-10-05 06:00:00
STORE134,UrbanBasket Ahmedabad Point,Ahmedabad,West,DARKSTORE,Riya Singh,9174029736,ACTIVE,2024-02-24 00:00:00,2026-10-05 06:00:00
STORE135,UrbanBasket Surat One,Surat,Mall Zone,DARKSTORE,Alok Reddy,9916445857,ACTIVE,2023-05-04 00:00:00,2026-10-05 06:00:00
STORE136,UrbanBasket Chennai Point,Chennai,Central,DARKSTORE,Anika Kumar,9683165088,ACTIVE,2024-02-26 00:00:00,2026-10-05 06:00:00
STORE137,UrbanBasket Ahmedabad Central,Ahmedabad,South,DARKSTORE,Yash Singh,9124407736,CLOSED,2026-06-08 00:00:00,2026-10-05 06:00:00
STORE138,UrbanBasket Jaipur Express,Jaipur,North,HUB,Meera Chandra,9925998043,ACTIVE,2025-12-22 00:00:00,2026-10-05 06:00:00
STORE139,UrbanBasket Hyderabad Express,Hyderabad,Old City,DARKSTORE,Ananya Verma,9708538444,ACTIVE,2025-02-06 00:00:00,2026-10-05 06:00:00
STORE140,UrbanBasket Mumbai One,Mumbai,IT Corridor,DARKSTORE,Aarohi Dubey,9007753118,ACTIVE,2024-04-27 00:00:00,2026-10-05 06:00:00
STORE141,UrbanBasket Mumbai Point,Mumbai,Airport Zone,DARKSTORE,Ishita Pawar,9439062544,ACTIVE,2024-06-02 00:00:00,2026-10-05 06:00:00
STORE142,UrbanBasket Lucknow Hub,Lucknow,IT Corridor,DARKSTORE,Ishita Agarwal,9400293417,PAUSED,2023-06-04 00:00:00,2026-10-05 06:00:00
STORE143,UrbanBasket Hyderabad Hub,Hyderabad,South,DARKSTORE,Arun Parikh,9181867165,ACTIVE,2023-04-02 00:00:00,2026-10-05 06:00:00
STORE144,UrbanBasket Indore Hub,Indore,University Zone,DARKSTORE,Anika Mehta,9363196714,ACTIVE,2025-09-08 00:00:00,2026-10-05 06:00:00
STORE145,UrbanBasket Kolkata Express,Kolkata,University Zone,HUB,Reyansh Chauhan,9067545106,ACTIVE,2024-03-30 00:00:00,2026-10-05 06:00:00
STORE146,UrbanBasket Delhi Plus,Delhi,North,DARKSTORE,Nandini Verma,9699110977,ACTIVE,2024-08-20 00:00:00,2026-10-05 06:00:00
STORE147,UrbanBasket Bengaluru Express,Bengaluru,Airport Zone,DARKSTORE,Aditya Sharma,9078300244,ACTIVE,2024-05-24 00:00:00,2026-10-05 06:00:00
STORE148,UrbanBasket Mumbai Plus,Mumbai,Mall Zone,HUB,Amit Reddy,9891158088,ACTIVE,2026-04-21 00:00:00,2026-10-05 06:00:00
STORE149,UrbanBasket Pune Point,Pune,North,HUB,Gopal Agarwal,9848315352,ACTIVE,2024-01-21 00:00:00,2026-10-05 06:00:00
STORE150,UrbanBasket Mumbai One,Mumbai,IT Corridor,DARKSTORE,Aadhya Rathore,9511862075,ACTIVE,2024-02-09 00:00:00,2026-10-05 06:00:00
